uuid,name,rating,businessHour,address,latitude,longitude,pricing,max_price,min_price
0026b87ef8b8e3344c4b24e7960fa436104,Kway Guan Huat Joochiat Popiah Shop,3.8,"{'openTime': '09:00', 'closeTime': '14:00'}","JOO CHIAT ROAD, 427389",1.314055,103.899118,,,
0021bb90f3fccd24b479f88850088a15dbe,Cat Cafe Neko no Niwa,4.5,"{'openTime': '11:00', 'closeTime': '21:00'}","#02-00, 049843",1.287188,103.849375,$12 ,12,12
0022f458c29dfdd461289c856112d50533b,Sri Veeramakaliamman Temple,4.6,"{'openTime': '05:30', 'closeTime': '12:30'}","141 Serangoon Road, 218042",1.308002,103.852218,,,
0024e917aa0db1547e2b3518e4884800386,Sri Layan Sithi Vinayagar Temple,4.8,"{'openTime': '07:30', 'closeTime': '12:00'}","Keong Saik Road, 089167",1.28136,103.84176,,,
0028a78cb67b5f94940b48001fddec94155,Spectra â?A Light and Water Show,4.7,[],"Event Plaza, Marina Bay Sands, 2 Bayfront Ave, 018972",1.2819667,103.8598454,,,
0026c7a309cb2be479ba150abcafdd3d5ba,Straits Enclave @ Joo Chiat,5,"{'openTime': '09:00', 'closeTime': '22:00'}","#A, Joo Chiat Road, 427569",1.3093334,103.9022326,,,
0026b26bbc2848546208964d69cf99b405b,Adventure Cove Waterpark (Resorts World Sentosa) ,4.4,[],"Adventure Cove Waterpark, Sentosa Gateway, 098269",1.25879,103.818662,"SGD38 (Adult), SGD30 (Child/Senior)",38,30
002e837c88982ec48b6a96914388183bef1,Chinatown Heritage Centre,4.4,[],"48 Pagoda Street,, 059207",1.28218,103.84415,,,
0026ec0a6536e2e4169a0ede02ad5cf2b5b,My Chinatown Home Mural,0,[],"30 Smith Street,, 058944",1.28218,103.84415,,,
002f6bc8aa5f94841a0881ca14b1b26d054,Masjid Jamae,4.7,[],"218 South Bridge Road,, 058767",1.28218,103.84415,,,
002a6480deabe5a4d0e9c8ffadfd148658d,Hotel 1887 (Former Lai Chun Yuen æ§æ¢¨æ¥å­),3.7,[],"25 Trengganu Street,, 058476",1.28218,103.84415,,,
002f99813a9270a48f2bffe1347fae5cd7a,Nagore Dargah,4.3,[],"140 Telok Ayer Street,, 068604",1.28218,103.84415,,,
002ea1e3df37e634e668089a8d6ef52f3e1,Yue Hwa Department Store (Former Great Southern Hotel æ§åå¤©å¤§éåº),3.9,[],"70 Eu Tong Sen Street,, 059805",1.28218,103.84415,,,
0025a1e2e5dde484dbb80e496265bcd2c3a,The Intan ,3.9,"{'openTime': '07:00', 'closeTime': '22:00'}","Joo Chiat Terrace, 427231",1.3146402,103.9010239,$60 ,60,60
0026041813aa69f45b5a1f4b05c693bd7cc,Jamae Mosque,4.7,"{'openTime': '10:00', 'closeTime': '18:00'}","218 South Bridge Road, 058767",1.2831582,103.8454475,,,
0022bd7373a7a9a4986b4aad269c2287348,Masjid Sultan (Sultan Mosque),4.7,[],"Muscat Street, 198833",1.302257,103.858983,,,
002af4da5dc53fd4c6296d3b51d4fee0ff8,Thian Hock Keng Temple,4.4,"{'openTime': '07:30', 'closeTime': '17:30'}","158 Telok Ayer Street, 068613",1.2810551,103.8476235,,,
0024d6f8e8f41cb4bc0b6fd9bc3c35db772,Al-Abrar Mosque,4.6,"{'openTime': '10:00', 'closeTime': '18:00'}","Al-Abrar Mosque, Telok Ayer Street, 068635",1.280295,103.847301,,,
00246361be3f01444b5a9c64ec4d39ad7c7,Cundhi Gong Temple,4.5,"{'openTime': '08:00', 'closeTime': '17:00'}","Keong Saik Road, 089120",1.279572,103.841474,,,
0029171f86567cb42bdaf86a79bf847a3dd,Thian Hock Keng Temple ,4.4,"{'openTime': '07:30', 'closeTime': '17:30'}",Telok Ayer Street,1.280935,103.847629,,,
0021e51c8766b464ccb8b8d30044292fd6d,TheArthaus,0,"{'openTime': '10:00', 'closeTime': '19:00'}","#02-09, 88 East Coast Rd, 423371",1.307478,103.90681,,,
002144f8895731f40e985124fbab55e5e16,iFly Singapore,4.3,"{'openTime': '09:00', 'closeTime': '22:00'}","#01-01, iFly Singapore, Siloso Beach Walk, 099010",1.252548,103.817964,56,56,56
0027cbe405cf76c43ccbe9bd3c5dd479a6d,Singapore Visitor Centre @ Kim Choo Kueh Chang ( Katong & Joo Chiat ),4.1,"{'openTime': '09:00', 'closeTime': '21:00'}","Singapore Visitor Centre @ Kim Choo Kueh Chang ( Katong & Joo Chia, East Coast Road, 428801",1.305752,103.904456,,,
002ceee321a7ff74eba8b3b2325cd1cf74b,Abdul Gafoor Mosque ,4.6,"{'openTime': '09:00', 'closeTime': '18:00'}","41 Dunlop Street, 209369",1.304496,103.85368,,,
0024df6a6b9567a492d9b66584e18fd2b7d,Experiencing Singapore Coffeeshop Culture,4.5,"{'openTime': '07:00', 'closeTime': '18:30'}","South Bridge Road, 058817",1.281767,103.844989,,,
0020a7ba8233dcf4107890c43830c8bf9ac,St Andrew's Cathedral,4.5,"{'openTime': '09:00', 'closeTime': '16:30'}","St Andrew's Road, 178959",1.2922741,103.8521989,,,
00288dc03f921174dc89964cbea3601adea,Chinatown Heritage Centre,4.4,[],"Pagoda Street, 059207",1.2834607,103.844404,,,
002a031ff1aa6b9471e8327b48fb5e2014a,Marina Bay Sands,4.6,"{'openTime': '10:30', 'closeTime': '23:00'}","Bayfront Avenue, 018956",1.2833754,103.8607264,,,
002200d8feb5c24490f8349f6f298a94d61,Maghain Aboth Synagogue,4.5,[],"Waterloo Street, 187968",1.2982468,103.8507241,,,
002646bf65702f04b7192367d0c839a10d7,Wave House Sentosa,4.2,"{'openTime': '11:30', 'closeTime': '21:30'}","Wave House Sentosa, Siloso Beach Walk, 099007",1.2545239,103.8137499,"The Double FlowRider: S$35/hr for weekday, S$40/hr for weekend. FlowBarrel: S$30/30 mins for all days.",40,30
00201f68c45700e476a82e51874c62913b1,Play Nation,4.3,"{'openTime': '12:00', 'closeTime': '22:00'}","#01-01, 58 Prinsep Street, 188686",1.2995847,103.849823,7.90 to 21.90,21.9,7.9
0022933bc0d3bd74e789caf90a6bb9e5dcf,Former Ford Factory,4.4,"{'openTime': '09:00', 'closeTime': '17:30'}","351 Upper Bukit Timah Road, 588192",1.352316,103.768831,"Admission is free for Singaporeans & Permanent Residents,  Foreigners S$3",3,3
002e6f0baf871304857b4bdf8d6560250b8,The Live Turtle and Tortoise Museum,4.1,"{'openTime': '10:00', 'closeTime': '18:00'}","#01-16, Orto, 81 Lorong Chencharu, 769198",1.413954,103.829253,Varies,,
002dd2d2a30f43240ab9ccdb7839a992a3a,Fort Canning Park,4.4,"{'openTime': '00:00', 'closeTime': '23:59'}",179037,1.291898,103.84567,,,
00263e942d6b94a4cfd8b6ecd6f8fe41f59,Labrador Nature Reserve,4.5,"{'openTime': '00:00', 'closeTime': '23:59'}","Along Labrador Villa Road, 119187",1.2674872,103.801682,,,
002d701f39251a9413fbc8fb8b714213efa,Gurdwara Sahib Silat Road,4.8,"{'openTime': '05:30', 'closeTime': '21:00'}","Jalan Bukit Merah, 169543",1.277055,103.832601,,,
002d103906c99254017a1ab78c363d47464,"Kong Meng San Phor Kark See Monastery	",4.5,"{'openTime': '05:00', 'closeTime': '22:00'}","88 Bright Hill Road, 574117",1.361516,103.835812,,,
002f49ffec200884daea17acd6516e8238d,Sri Veeramakaliamman Temple,4.6,"{'openTime': '05:30', 'closeTime': '12:15'}","Serangoon Road, 218042",1.3078831,103.8524431,,,
00253b001e6f77c4c93afee845449c707cf,"Kong Meng San Phor Kark See Monastery	",4.5,"{'openTime': '05:00', 'closeTime': '22:00'}","88 Bright Hill Road, 574117",1.361516,103.835812,,,
0029f4b0ba755fd4553acf815726412ed3a,Singapore Visitor Centre,4.3,"{'openTime': '08:30', 'closeTime': '21:30'}","216 Orchard Road, 238898",1.3016419,103.838816,,,
002c6fbb958fecf498c9c323c886e51110b,Reflections at Bukit Chandu,4.1,"{'openTime': '09:00', 'closeTime': '17:30'}","Pepys Road, 118458",1.2796745,103.7942321,,,
002939f36de04ec48e3bbf76a97cb785fc4,Gardens by the Bay,4.7,"{'openTime': '05:00', 'closeTime': '02:00'}","Marina Gardens Drive, 018953",1.281568,103.863613,,,
0024716d2f819714222a7e209691f9df286,Ola Beach Club,4.2,"{'openTime': '09:00', 'closeTime': '22:00'}","Ola Beach Club, Siloso Beach Walk, 099005",1.2531,103.815422,,,
002fea2906d93dc417fb1b84922bc79e938,Singapore Pub Crawl,4.2,"{'openTime': '19:30', 'closeTime': '23:30'}","Fat Pigeon Statue beside UOB Plaza, 80 Raffles Place, 048624",1.285727,103.850831,30,30,30
0027886c5ee53644e3194e2b90273396ed3,Sentosa Island Bus Tour,4.5,[],99981,1.256868,103.823312,,,
002237f42f29d2f49aebd4e078f2f32ba24,Once Upon a Time on the Orient Express,0,"{'openTime': '10:00', 'closeTime': '21:00'}","West Lawn (next to Bayfront Plaza), Gardens by the Bay, Marina Gardens Dr, 018953",1.2815683,103.8636132,Standard: S$25 Family Bundle: $88 (2 Adults & 2 Children - ages 3-12) *Fast Track / VIP: S$80,88,25
002e07e6be525594718a6c81374eb77e434,Amazing Chambers Singapura Escape Room,4.5,"{'openTime': '13:00', 'closeTime': '22:00'}","Gedung Kuning, Sultan Gate, 198497",1.3021859,103.8600379,38.9,38.9,38.9
0023a9fa5b49e5a4b71b735c6cddc21fb34,Science Centre Singapore,4.4,"{'openTime': '10:00', 'closeTime': '17:00'}","Science Centre Singapore, 15 Science Centre Road, 609081",1.3332332,103.7362246,,,
002dafeb1dcd28e44c0b70615ceb6251ff2,Science Centre Singapore Re-Opening,4.4,"{'openTime': '10:00', 'closeTime': '17:00'}","Science Centre Singapore, 15 Science Centre Road, 609081",1.3331687,103.7356443,,,
002521896aba524483fabc98c90d2849c86,Go Singapore City Pass,4.1,"{'openTime': '00:00', 'closeTime': '23:59'}","#14-01, 71 Robinson Road, 068895",1.2890235,103.8484538,139,139,139
002df21cdc9e811401ea739ba373ae30d9c,[Local Exclusive] Sentosa Line at $3.00,4.6,"{'openTime': '08:45', 'closeTime': '19:45'}","Merlion Cable Car Station, 2 Siloso Road, 098973",1.254831,103.818658,$3.00 ,3,3
002c02f91b221ab459eb067b444b7f26e17,Grandeur Lights Of Deepavali,0,"{'openTime': '19:00', 'closeTime': '23:55'}","Serangoon Rd & Race Course Rd, 217959",1.305302,103.850928,,,
0024dd6dd4d1d8745869e20a1e4a1ee23c2,Resorts World Sentosa,4.6,"{'openTime': '00:00', 'closeTime': '23:59'}","Sentosa Gateway, Sentosa Island, 098269",1.256148,103.821552,,,
00290b34a454faa4f609a75f95403c37253,Universal Studios SingaporeÂ®,4.6,[],98269,1.2540421,103.8238084,73,73,73
002e7d10b38e76f49fb94745cee60f517ff,Universal Studios Singapore (Resorts World Sentosa),4.6,"{'openTime': '14:00', 'closeTime': '21:00'}","Sentosa Gateway, 098269",1.254042,103.823808,Adult S$81  | Child S$61  | Senior S$43,81,43
002a1b4647ec3454c0181fcf150e6a04b52,Jewel Changi Airport Canopy Park,4.6,[],819666,1.3600727,103.9897102,,,
0026bdf34bc689449c4ae0ed06ac3078dcb,Snow City Singapore,3.6,"{'openTime': '10:00', 'closeTime': '18:00'}","Snow City Building, 21 Jurong Town Hall Road, 609433",1.3351884,103.7351693,$17.00 - $29.00,29,17
002668f1fdad7d5404aa8551e6f44b84500,AIRZONE,4.4,"{'openTime': '12:00', 'closeTime': '20:30'}","#02-K4, City Square Mall, Kitchener Road, 208539",1.3113954,103.8568953,20,20,20
002194fb85ed6c341b0bdcd1fe39732a311,Changi Lounge,4.7,"{'openTime': '10:00', 'closeTime': '22:00'}","#01-304, Jewel Changi Airport, Airport Boulevard, 819666",1.360208,103.989759,,,
002c198ab891bff43f2b7806fec084a5358,"Floral Fantasy, Gardens by the Bay",4.7,"{'openTime': '10:00', 'closeTime': '20:00'}","Bayfront Plaza, Marina Gardens Drive, 018953",1.281271,103.861088,Adult $20; Child (3-12 years old) $12,20,12
00237dc570dec0b4351b2b69d3871000dea,Changi Experience Studio,4.3,"{'openTime': '11:00', 'closeTime': '20:00'}","#04-300, Jewel Changi Airport, Airport Boulevard, 819666",1.360208,103.989759,,,
002afc320a970e1416bac1f54af95e586b1,Universal Studios Singapore,4.6,"{'openTime': '10:00', 'closeTime': '19:00'}","8 Sentosa Gateway, 098269",1.254042,103.823808,,,
002ce0a3b07e6f546008bf576e3753a97ab,Resorts World Sentosa,4.6,"{'openTime': '10:00', 'closeTime': '19:00'}","Sentosa Gateway, Sentosa Island, 098269",1.255179,103.8218107,,,
0023127535810d949e78e6a070c3fb1365f,Ann Siang Hill Park,4.5,[],"78 Club Street,, 069447",1.28218,103.84415,,,
00254b30e02ed4d41199537b1a0786921a4,Clogs 3D Floor Sticker,0,[],"Sago Street,, 059014",1.28218,103.84415,,,
0027180c4272e5245f194b0b1b63c742b68,Bak Kut Teh 3D Floor Sticker,4.3,[],"Pagoda Street,, 059207",1.28218,103.84415,,,
002659b555c365b4b05a4230c8768d09e73,Siang Cho Keong Temple ä»ç¥å®?4.4,[],"66 Amoy Street,, 069886",1.28218,103.84415,,,,
0029db7357696fb47bd8ebf7fd882969b36,CABLE CAR SKY DINING,4.3,[],99203,1.2711456,103.8195228,77-170,170,77
0020e2a4e1ead3446e0b3116c98f4de97c9,Sri Layan Sithi Vinayagar Temple,4.8,[],"73 Keong Saik Road,, 089167",1.28218,103.84415,,,
0028ee25a8331b94c9a8b5747d10f3b0c31,Sri Mariamman Temple,4.5,[],"244 South Bridge Road,, 058793",1.28218,103.84415,,,
002fbda1a49940644e09e39e55389c381f0,Thian Hock Keng Temple å¤©ç¦å®?4.4,[],"158 Telok Ayer Street,, 068613",1.28218,103.84415,,,,
0026804d48e76b64d48b64a749531b1d3f9,Singapore Musical Box Museum,4.6,[],"168 Telok Ayer Street,, 068619",1.28218,103.84415,,,
002b074cfbf47a041ec8039401375854775,Baba House,4.3,[],"157 Neil Road,, 088883",1.28218,103.84415,,,
002c327df2cb79a412fad60909aff7475b0,Buddha Tooth Relic Temple &#038; Museum ä½çå¯?4.6,[],"288 South Bridge Road,, 058840",1.28218,103.84415,,,,
00250128dd616b249b9a418d5ebb888488f,Al-Abrar Mosque,4.6,[],"192 Telok Ayer Street,, 068635",1.28218,103.84415,,,
0027b5a24eff3c3439db290770bb373af8f,Cundhi Gong æºæå®?4.5,[],"13 Keong Siak Road,, 089120",1.28218,103.84415,,,,
00294fea625ff1b4963b90aa16d8e1de80c,Temple of Heavenly Jade Emperor æ°å å¡ççå®«,4.5,[],"150 Telok Ayer Street,, 068608",1.28218,103.84415,,,
00289d657032ac242e2938d7d63dc98bd6d,Thian Hock Keng Temple Mural,4.4,[],"158 Telok Ayer Street,, 068613",1.28218,103.84415,,,
002f92fb249ed0247b58e38d887fb256652,Mid Autumn Festival Mural,5,[],"83 Pagoda Street,, 059432",1.28218,103.84415,,,
00216fa0c1afa604953b6a6ee4860ace5c1,Cantonese Opera Mural,0,[],"5 Temple Street,, 058556",1.28218,103.84415,,,
00253568e5515c44a3d9490b91a674fff96,Letter Writer Mural,4.3,[],"New Bridge Centre,, 336 Smith Street,, 050336",1.28218,103.84415,,,
00248b96c7becda4d699838867dfb7bb0b4,Old Trades Mural,0,[],"3 Mohammed Ali Lane,, 068980",1.28218,103.84415,,,
0020643fe83ef5d4a458a20b4a1c88f1420,Bruce Lee Mural,0,[],"Chinatown Complex,, 335 Smith Street,, 050335",1.28218,103.84415,,,
00254b07c36495a4bf08903cec8e49ba9da,Samsui Art Mural,3.7,[],"Chinatown Complex,, 335 Smith Street,, 050335",1.28218,103.84415,,,
002fa8d484d44ac4969854aa708e1da2861,Bullock Cart &#038; Chinatown Scenes &#038;  Murals,0,[],"Trengganu Street,, 058467",1.28218,103.84415,,,
002b3476e3ca96c415e8851fb8c2cc477ee,Porcelain Mural,4.7,[],"48 Mosque Street,, 059526",1.28218,103.84415,,,
0026633326045ba423fb0c3daf7b4865c84,The Path Mural by Tom Civil,0,[],"Chinatown Complex,, 335 Smith Street,, 050335",1.28218,103.84415,,,
002bbb1eacbc9f949df9938b85766459fee,Dragon Mural @ Amoy Alley,5,[],"116 Gemmill Lane,, 069935",1.28218,103.84415,,,
0023188de2f4ba84d73bb91367e7a6b3b8e,Floral Mural by Ripple Root,0,[],"The Working Capitol Building (next to LOLOKU),, 1 Keong Saik Road,, 089111",1.28218,103.84415,,,
002ed4f67d549974954807008bbc33ab7a5,The Projector,4.6,"{'openTime': '13:00', 'closeTime': '20:30'}","#05-00, Golden Mile Tower, 6001 Beach Road, 199589",1.302044,103.864026,,,
002800efcb032fb4608be50c89e38328def,Kampong Glam Singapore Visitor Centre,4.3,[],"55 Bussorah Street, Singapore 19, 199471",1.301504,103.859414,,,
0021d85ec1579894a83a32131d151907d14,Butterfly Park & Insect Kingdom,4,"{'openTime': '09:30', 'closeTime': '19:00'}","#51, Butterfly Park Sentosa, Imbiah Road, 099702",1.255551,103.817121,Adult $20 Child $16,20,16
002bee9ba3f9b7c46af96765e56ff936e1d,Chinatown Visitor Centre,4.1,"{'openTime': '09:00', 'closeTime': '21:00'}","Banda Street, 059962",1.2816722,103.8438866,,,
0029a8c8c2a826c48809d55f4a23814fb86,Fort Siloso Skywalk,4.5,"{'openTime': '09:00', 'closeTime': '19:00'}",99981,1.258033,103.810782,Free,0,0
0020689d1fa21b046f2b0a1773b3c3c6716,Fort Siloso,4.5,"{'openTime': '10:00', 'closeTime': '18:00'}",99981,1.25915,103.8086221,Free,0,0
00245e716cf2b184669a82e3c32b12a1ecb,CATOPIA CAFE SINGAPORE,4.5,"{'openTime': '10:00', 'closeTime': '20:00'}","##02-00, Dunlop Street, 209375",1.304897,103.853619,$12 ,12,12
002ca301eff58ba47e88fc8090c9418eced,Xcape RPG (Role Play Game) -  Shanghai 1943,4.5,"{'openTime': '11:00', 'closeTime': '23:00'}","#01-161, Bugis Village, 161 Rochor Road, 188436",1.3009188,103.8554098,$42-48,42,42
002533b04f63271445abae1dda13c6fc0bb,Butterfly Park & Insect Kingdom Experience!,4,"{'openTime': '10:00', 'closeTime': '18:00'}","Imbiah Road, 099702",1.2554237,103.8167542,,,
002296e82e51b8d4a768e3303a1e74a81bc,Red Dot Design Museum - A Preview of the Future Exhibition,4.2,"{'openTime': '12:00', 'closeTime': '18:00'}","#01-01, Red Dot Design Museum, Marina Boulevard, 018940",1.280156,103.856305,6.4,6.4,6.4
002d9205d8e5f9447539e4a5d02d28816a0,'THE LITTLE NYONYA EXPERIENCE''  - an in-house tour,4.1,"{'openTime': '10:00', 'closeTime': '17:00'}","#113, Rumah Bebe, 113 East Coast Road, 428803",1.305884,103.90449,To enquire upon booking,,
002387bcd41f6c240a8bf42cc1701bca60b,HeadRock VR Singapore ,4,"{'openTime': '11:00', 'closeTime': '19:00'}","#01-38/39, Waterfront, 26 SENTOSA GATEWAY, 098138",1.257681,103.822222,"Packages : BIG 3 - $35 , BIG 5 - $50 , BIG 7 - $65",65,35
00267c353b5934d43de912f43dff06b876b,Wild Wild Wet,4.4,"{'openTime': '10:00', 'closeTime': '18:00'}","Downtown East, 1 Pasir Ris Close, 519599",1.378947,103.955272,Adult S$24; Child S$18 (Off-Peak); Adult S$32; Child S$24 (Peak); Family (2 Adults & 2 Children) S$78 (Off-Peak) S$102 (Peak),78,102
0029e7fdd562fce465fb6859753d8bd4a1b,Skyline Luge Sentosa,4.6,"{'openTime': '10:00', 'closeTime': '21:30'}","45 Siloso Beach Walk, 099003",1.251944,103.816944,,,
002cd927c0efa794733aa251e10b33faae2,Zero Latency,4.4,"{'openTime': '11:00', 'closeTime': '22:00'}","#03-346/7, Suntec City Mall, 3 Temasek Boulevard, 038983",1.295705,103.859729,(Mon-Thu 11amâ?.30pm) S$48 per pax; (Other timings) S$59 per pax,59,48
0023059bdf2586e4657a9aafbe5650b735f,Universal Studios Singaporeâ?4.6,"{'openTime': '10:00', 'closeTime': '18:00'}","8 Sentosa Gateway, 098269",1.256752,103.820331,Adult S$79; Child S$59; Senior S$41,,,
0028b16de3e400b47738a1096afdf81848a,"Telok Ayer Chinese Methodist Church	",0,"{'openTime': '08:15', 'closeTime': '16:15'}","235 Telok Ayer Street, 068656",1.278458,103.846968,,,
0027a1befbb4e5744179d321b263c970adb,Vintage Camera's Museum,4.5,"{'openTime': '10:30', 'closeTime': '21:30'}","8C & 8D Jalan Kledek, 199263",1.303486,103.858993,"Adult S$20, Child S$15, Senior Citizen S$15",20,15
0022ab5439007434431af0a10a5a343337b,Sentosa Nature Discovery,4.4,"{'openTime': '09:00', 'closeTime': '17:00'}",99702,1.255842,103.817397,Free. For Guided Tours contact us at 1800- SENTOSA (736 8672) or email to nature@sentosa.com.sg,0,0
0028fd8e6b510f3436dbf1e82c85a1ddd8d,Southernmost Point of Continental Asia,4.5,"{'openTime': '00:00', 'closeTime': '23:59'}",98234,1.24815,103.821395,Free,0,0
0025954c0270ae749a3bd4118b7a020a5ea,The Royal Albatross,4.4,"{'openTime': '19:00', 'closeTime': '21:30'}","Royal Albatross Home Berth at Resorts World Sentosa, 8 Sentosa Gateway, 098269",1.258084,103.82118,from $195/$95 (Dinner / Sunday Lunch Cruise) / $125/95 (Breakfast Cruise),95,125
002608703d661c64aa5a5643e5a5ce2331f,"Xcape Singapore - Season 2, Resident Evil & Tomb Raider",4.5,"{'openTime': '11:00', 'closeTime': '11:00'}","#01-161, Bugis Village, Rochor Road, 188436",1.3009188,103.8554098,$22 - $28,28,22
002bc44f6ab83c44c0e978e38435fe929ea,Jewel Changi Airport Mirror Maze,4.7,[],819666,1.3601252,103.9897429,,,
002e98bfce5c27c406498f589d11637eb58,Jewel Changi Airport Canopy Park Discovery Slides,4.6,[],819666,1.3600727,103.9897102,,,
002274279b13d454617ac728a546b10aafd,Jewel Changi Airport Canopy Park Foggy Bowl,4.6,[],819666,1.3600727,103.9897102,,,
002a5e5fd0be4cf4155abb183e3b522f635,Jewel Changi Airport Manulife Sky Nets - Walking,4.7,[],819666,1.3602082,103.9897593,,,
0025f568c30a5a44c809d89cd33f08e5612,Jewel Changi Airport Manulife Sky Nets - Bouncing,4.6,[],819666,1.3600727,103.9897102,,,
0020ab8466ae25540e98e75b90dbd25a4b8,Jewel Changi Airport Hedge Maze,4.7,[],819666,1.3601252,103.9897429,,,
0022987394fd5a24fd4bde23d0a132c4924,Jewel Changi Airport Canopy Bridge,4.6,[],819666,1.3600727,103.9897102,,,
0020a2db66246984a73987ddb6ddb24bbe4,Peranakan Museum,4.3,[],"Peranakan Museum, 39 Armenian Street, 179941",1.2943669,103.8490391,,,
0029e79aa8362784f1facbcc32c760b9220,Digital Light Canvas ,4.4,"{'openTime': '11:30', 'closeTime': '21:00'}","Marina Bay Sands, 018956",1.282302,103.8585308,,,
0029268b5c616f540919a678517b30369be,Sky Park by AJ Hackett Sentosa,4.6,"{'openTime': '11:30', 'closeTime': '19:00'}","Sentosa Island, Siloso Beach Walk, 099011",1.255164,103.813326,From $9,9,9
002d4db02292ccb49e3830a8c771a389a60,Singapore Cable Car ,4.6,"{'openTime': '08:45', 'closeTime': '20:30'}",99203,1.2643953,103.8186359,,,
00244c186520eba4f9abcfce8f5e916701c,Battlebox,4.6,"{'openTime': '10:30', 'closeTime': '16:30'}","Battlebox, 2 Cox Terrace, 179622",1.2961611,103.8461761,Adult: $20; Child: $10 (7 to 12 years old),20,10
0026271c23371bb4aafbf5985bef950172e,Sentosa 4D AdventureLand,4.1,"{'openTime': '13:00', 'closeTime': '18:30'}","Imbiah Lookout Sentosa, 51B Imbiah Road, 099708",1.255355,103.816746,"Adult S$46.90, Child S$33.90 (4-In-1 Combo)",46,33
0023e4bd2eb959d4b94bf5b354ae018e548,MARINA BAY SANDS SKYPARK OBSERVATION DECK,4.6,"{'openTime': '11:30', 'closeTime': '20:00'}","#Lvl-57, Marina Bay Sands Skypark, Bayfront Ave, 018956",1.284666,103.86007,$15.50 ,15,15
00236f03743dbc64b6f975b1b3320f48170,Chinese Heritage Centre,4.3,"{'openTime': '09:30', 'closeTime': '17:00'}","Nanyang Drive, 637721",1.3438215,103.6840788,"Adult: S$4, Student: S$2",4,2
0026f5bd1705dca4950b9f559fa941cc9ab,Chinatown Heritage Centre,4.4,"{'openTime': '09:30', 'closeTime': '18:30'}","Pagoda Street, 059207",1.2835085,103.8443515,"(General admission with multimedia guide) Adult S$18, Child S$14; (General admission with guided tour) Adult S$25, Child S$20. These rates apply to non-tour groups only.",25,14
002be5c1cb38e284f869bf8faaae0f5b208,Gelam Gallery,4.7,"{'openTime': '00:00', 'closeTime': '23:59'}","Muscat Street, 199656",1.3011587,103.859614,,,
0029fbe6c07198945a9923f073d56308bf2,House of Tan Teng Niah,4.3,"{'openTime': '00:00', 'closeTime': '23:59'}","37 Kerbau Road, 219168",1.307089,103.850839,,,
00252c07eb894f24ac89f35cce0dd8901a5,SKYLINE LUGE SENTOSA,4.6,[],"45 Siloso Beach Walk, Sentosa, 099003",1.2549696,103.8173674,Starts from S$24.00 onwards,24,24
0025a9b37ea50e54fc9ad75197f243814d5,Pulau Ubin and Chek Jawa,4.6,"{'openTime': '08:30', 'closeTime': '18:00'}","Chek Jawa Trail. Pulau Ubin, 508378",1.415611,103.98911,One-way boat trip to or from Pulau Ubin S$3,3,3
002603edb91566047babd1a8d851adbcf63,Snow City,3.6,"{'openTime': '10:00', 'closeTime': '18:00'}","Snow City Building, 21 Jurong Town Hall Road, 609433",1.335188,103.735169,"Adult S$21, Child S$17 (1 hour snow play session + 1 hour bumper call ride)",21,17
00283722a29c1114aadacd65f68bcbefcdf,Pororo Park Singapore,4.3,"{'openTime': '11:00', 'closeTime': '19:00'}","#02-29, Marina Square, 6 Raffles Blvd, 039594",1.2913027,103.8577068,,,
0027885c4b5762e47b4a9c6fc3d5f84629d,BOUNCE Singapore,4.3,"{'openTime': '09:00', 'closeTime': '22:00'}","#09-01, Cineleisure Orchard, 8 Grange Road, 239695",1.301527,103.836344,General Admission S$25 per pax; Refer to website for more info on pricing,25,25
0021051b1a1f7e54988a54120624c73fced,Malay Heritage Centre,4.3,"{'openTime': '10:00', 'closeTime': '18:00'}","Sultan Gate, 198501",1.30275,103.8600008,"Free admission for Singapore Citizens and Permanent Residents, 1st caregiver of Persons with Disabilities and visitors aged six and below; Adult S$6, Child & Senior Citizen S$4",6,4
0026c3088bcde7a4df8a2455ac4af00bf38,Singapore Philatelic Museum,4.2,"{'openTime': '10:00', 'closeTime': '19:00'}","Coleman Street, 179807",1.2928447,103.8487025,"Adult: S$8, Child: S$6, Senior Citizen: S$6",8,6
00208ee0e8345334621a3d84266f02bcece,Civil Defence Heritage Gallery At The Central Fire Station,4.4,"{'openTime': '10:00', 'closeTime': '17:00'}","Central Fire Station, Hill Street, 179367",1.2920757,103.8492294,,,
00224a45ad6c5944882be4e4c94cabac701,Abdul Gafoor Mosque,4.6,"{'openTime': '09:00', 'closeTime': '18:00'}","Dunlop Street, 209369",1.3043679,103.8536667,,,
00288c30bf6f7244c46a9f90d5e871c9b93,Sri Mariamman Temple,4.5,"{'openTime': '05:30', 'closeTime': '12:00'}","South Bridge Road, 058793",1.2826847,103.8451304,,,
002cdf4a98a9f9f437b871f2a6028d996fc,Sultan Mosque,4.7,"{'openTime': '10:00', 'closeTime': '12:00'}","Muscat Street, 198833",1.3022424,103.8590348,,,
0026169f66ed69945aaa27331fd7f2ac46f,Sir Stamford Raffles Statue,4.4,"{'openTime': '00:00', 'closeTime': '23:59'}",49859,1.287722,103.850755,,,
002c106bdb317f3468fbaebc013b826378b,ArtScience Museumâ?4.5,[],"6 Bayfront Ave, 018974",1.2862738,103.8592663,,,,
00280af41b7a57742e08930e3ff3f68eb31,Sands SkyPark Observation Deck,4.6,"{'openTime': '09:30', 'closeTime': '22:00'}","10 Bayfront Ave, 018956",1.282302,103.8585308,,,
002ff563af63b1d430cbebeee0071186939,St Josephâs Church,4.3,[],"Victoria Street, 188020",1.2956067,103.8510203,,,
00239841ee105f44f96918acd25a798fcc1,International Baptist Church,4.8,[],"King's Road, 266358",1.317719,103.806276,Free,0,0
00203b4504df2f54e2c9769f1835d0ea584,Singapore Philatelic Museum ,4.2,[],"Coleman Street, 179807",1.2928531,103.8486912,,,
002cc05df5d593a4100903bfba3912e9148,Time Capsule by Singapore Flyer,4.6,"{'openTime': '14:00', 'closeTime': '22:00'}","Singapore Flyer, 30 Raffles Avenue, 039803",1.289298,103.863136,"Adult: $15, Child: $10",15,10
002d701d403a9e64bb39163a464c8faff82,Night Safari,4.2,"{'openTime': '18:30', 'closeTime': '00:00'}","Mandai Lake Road, 729826",1.4021872,103.7880606,"Night Safari: Adult: S$57, Child: S$40 (3 - 12 years old),  Senior Citizen: S$22",57,22
0024691783774a643b19567ab7294808459,"Supertree Observatory, Gardens by the Bay",4.7,"{'openTime': '16:00', 'closeTime': '22:00'}","Supertree Grove, Marina Gardens Drive, 018953",1.281961,103.863905,Adult $8; Child (3-12 yrs old) $5,8,5
002c38e2a1ea61e4f34893b0a6195084b0b,"Cloud Forest, Gardens by the Bay",4.7,"{'openTime': '09:00', 'closeTime': '21:00'}","Marina Gardens Drive, 018953",1.283867,103.866002,$28 for Adult and $15 for Child,28,15
002990557421caf4a2d9abebaae930ba151,"Flower Dome, Gardens by the Bay",4.7,"{'openTime': '09:00', 'closeTime': '21:00'}","Marina Gardens Drive, 018953",1.284629,103.864697,Adult: $28 / Child: $15,28,15
00269e3d35345c84331bf4c28567aaeaa3f,ReDiscovery Cruise,3.8,"{'openTime': '10:00', 'closeTime': '14:00'}","The Royal Albatross, 8 Sentosa Gateway, 098269",1.258897,103.819902,SGD130,130,130
002062e813f8df94b5889a6a6508787869f,Dinner Cruise on The Royal Albatross,4.4,"{'openTime': '09:00', 'closeTime': '18:00'}","8 Sentosa Gateway, Sentosa Island, Singapore 098269, Sentosa Gateway, 098269",1.258897,103.819902,$199 ,199,199
00222df8e90688d40c2b159ea14ae587fb9,SMIGY Indoor Playground,4.1,"{'openTime': '10:30', 'closeTime': '20:30'}","#03-05/06, PLQ Mall, 409057",1.2953149,103.8594992,Varies,,
002105243d0f5494f73869a18def73c0d53,PLAY! by KinderPlay,3.8,"{'openTime': '11:00', 'closeTime': '23:00'}","#B2-14-17, Changi Airport Terminal 3, Changi Airport Terminal 3, 819663",1.3559931,103.9862754,Varies,,
0021215eb07ce95451b8f31ece6750e2269,Wild Wild Wet,4.4,"{'openTime': '12:00', 'closeTime': '18:00'}","1 Pasir Ris Close Singapore 519, 519599",1.3777748,103.9543429,,,
002232587fae6764126b936ba38672118f0,Singapore Visitor Centre@ Esplanade Waterfront,0,"{'openTime': '08:30', 'closeTime': '20:30'}","#01-18, Esplanade Mall, Ruffles Avenue, 039802",1.289106,103.855421,,,
002457d3c18e0f043418b05b0d0f985f902,Indian Heritage Centre,4.5,"{'openTime': '10:00', 'closeTime': '16:00'}","Campbell Lane, 209924",1.3056813,103.8522607,"Adult S$6, Senior Citizen & Student S$4; Free admission for child under six",6,4
002818e966b3fde495ca51e83fc9398adbb,Madame Tussauds Singapore,4.4,"{'openTime': '10:00', 'closeTime': '20:30'}","Imbiah Lookout, Sentosa Island, 40 Imbiah Road,, 099700",1.254037,103.817621,$42 ,42,42
0021f6cf6beaccb45b8923478f407ebfc2a,Singapore Cable Car,4.6,"{'openTime': '08:45', 'closeTime': '22:00'}","Faber Peak Singapore, 109 Mount Faber Road, 099203",1.264395,103.818635,,,
00205ee63173f024ee6946bd8223e36547e,Jurong Lake Gardens ,4.6,"{'openTime': '00:00', 'closeTime': '23:59'}","Along Yuan Ching Road, 619795",1.335899,103.726174,,,
002f39f7abce15742d3ad687ea5bded4da3,Gillman Barracks,4.3,[],"Lock Rd, 108937",1.2783906,103.8043766,,,
0025485fc425c0a40bdad6356062209061a,The Fullerton Heritage Singapore,4.4,[],"Fullerton Road, 049213",1.2863531,103.8530671,,,
002ec53ec80772c42a18bbf40b5a735b644,Istana Heritage Gallery,4.4,"{'openTime': '10:00', 'closeTime': '18:00'}","Istana Park, Orchard Road, 238902",1.2994651,103.8433907,,,
002f50cca3d87364f33b8ed13c71bc048a7,Images of Singapore LIVE,4,"{'openTime': '10:00', 'closeTime': '20:30'}","Imbiah Lookout Sentosa, Imbiah Road, 099700",1.2540472,103.8176064,"Adult S$42, Child aged 12 and below S$32; Includes admission to Madame Tussauds Singapore",42,32
0024e13ae00f51746fb897749a0873cf71f,Goodman Arts Centre,4.2,"{'openTime': '07:00', 'closeTime': '01:00'}","Goodman Road, 439053",1.3044392,103.8853094,,,
002123587d04e184b6f921237bf76598810,Battlebox,4.6,"{'openTime': '09:30', 'closeTime': '17:30'}","Fort Canning Park, Cox Terrace, 179622",1.2961046,103.8462174,"Adult S$20, Child S$10",20,10
002a0e4b7d686d14dceb49b817bdb9a8b47,Jewel Canopy Park,4.6,"{'openTime': '09:00', 'closeTime': '03:00'}","Jewel Changi Airport, 78 Airport Boulevard, 819666",1.360208,103.989759,"Adult, Child, Senior Citizen S$5 (Separate access to the various attractions will range from S$8 to S$22); Promotion and packages subject to availability",8,22
00246edfbfb092e4e69b77bee30c56ec88a,Singapore Art Museum,4.3,[],"Bras Basah Road, 189555",1.2973072,103.8510615,"Adult: S$10, Senior Citizen: S$5; Free admission for Children",5,10
002dfa1d6564a6846999e036d7502421dd3,Civilian War Memorial,0,"{'openTime': '00:00', 'closeTime': '23:59'}","Intersection of Bras Basah Road and Beach Road, 189768",1.2928954,103.8546778,,,
00281ff36ca80904371b2718e57cf959771,Sun Yat Sen Nanyang Memorial Hall,4.4,"{'openTime': '10:00', 'closeTime': '17:00'}","Tai Gin Road, 327874",1.3280736,103.8471167,"Free admission for Singaporeans, Permanent Residents & Children under the age of six; Foreigners S$6; Foreign Students, Senior Citizens & Children from age six to 12 S$4",6,4
002faaa7b4b6e5541eab7adc4d45e37021a,Asian Civilisations Museum,4.5,"{'openTime': '10:00', 'closeTime': '19:00'}","Asian Civilisations Museum, 1 Empress Place, 179555",1.2874969,103.8513861,,,
002668d6319899343f58a4413d74d869f07,Buddha Tooth Relic Temple and Museum,4.6,"{'openTime': '07:00', 'closeTime': '19:00'}","South Bridge Road, 058840",1.2813993,103.8442684,,,
0028000e2d47ed044b49a36d3152376a90a,Cathedral of the Good Shepherd,4.8,"{'openTime': '08:00', 'closeTime': '22:00'}","Queen Street, 188533",1.2961055,103.8511091,,,
00272990a245f9b46ef8cece90d54bc7573,Armenian Church,4.5,"{'openTime': '10:00', 'closeTime': '18:00'}","Hill Street, 179366",1.2931355,103.84932,,,
002b8fc0ca8705a45a1ac4bf67ff5b6a9bd,Raffles Marina Lighthouse,0,"{'openTime': '07:00', 'closeTime': '00:00'}",638404,1.34333,103.635,,,
002bdcc451049c149869c8e1d424dbf7f4e,Traditional Letterpress printing,0,"{'openTime': '11:00', 'closeTime': '19:00'}","#06-62, Golden Mile Complex, 5001 Beach Road, 199588",1.3276109,103.873769,,,
002d3b419bd676546e08992ae2cf1062b62,Ngee Ann Cultural Centre,4,"{'openTime': '08:30', 'closeTime': '17:00'}","Teochew Building, Tank Road, 238066",1.2954042,103.8433497,,,
002ec0d43c7ce864dc187ccee58711cdf8c,Changi Museum,4.2,[],"Upper Changi Road North, 507707",1.3621204,103.9740344,,,
0029ef17e0e90da4af180861b4a5c347b8e,NUS Baba House,4.3,"{'openTime': '14:00', 'closeTime': '15:00'}","Neil Road, 088883",1.2772513,103.837428,,,
002f1d0c2930bc24650995f39d940063ac3,Wesley Methodist Church,4.7,"{'openTime': '09:00', 'closeTime': '18:00'}","Fort Canning Road, 179493",1.29735,103.847447,,,
002f87e7a63da1442c78e49c754741b2df7,Singapore City Gallery,4.5,"{'openTime': '09:00', 'closeTime': '17:00'}","The URA Centre, Maxwell Road, 069118",1.2794989,103.8453538,Free,0,0
0025ad97272bb114d13af613e357b7a451e,Sands Theatre ,4.5,[],"10 Bayfront Avenue, 018956",1.28517,103.8606103,,,
00251a01f5be62941f2931db98a298cd1d6,Sentosa,0,"{'openTime': '00:00', 'closeTime': '23:59'}",99706,1.2582611,103.8117439,,,
00263156cd02e014f8d8fbea218fd80fdea,NERF Action Xperience,3,"{'openTime': '10:00', 'closeTime': '20:00'}","#1-208, Marina Square, Raffles Boulevard, 039594",1.291354,103.857714,From $39.00,39,39
0027486f5a254d7489fa61d3d49ff0a1f2a,Virtual Leather Workshop By The Fun Empire,4.8,"{'openTime': '00:00', 'closeTime': '23:59'}","#03-01, Wing Fong Building, Guillemard Road, 399685",1.3087943,103.8772783,43,43,43
002d46f6e55826748f984130ed9199c0b6f,Sentosa Fun Pass,4.6,[],98269,1.2489641,103.810046,$60 - $120,60,120
002ab3a2ce25bd8425897dbbd8466ffadff,"OCBC Skyway, Gardens by the Bay",4.6,"{'openTime': '09:00', 'closeTime': '21:00'}","Marina Gardens Drive, 018953",1.281961,103.863905,Adult: $8 / Child: $5,8,5
002a97b9ccd8af446acad75f5f72c9da96c,Living Worlds: An Animal Planet Experience,0,"{'openTime': '10:00', 'closeTime': '17:00'}","15 Science Centre Road, 609081",1.3336037,103.7354332,,,
00241dece0f762b422e8160363101ea29ea,Family Science Programmes at Science Centre Singapore,4.4,"{'openTime': '10:00', 'closeTime': '17:00'}","Science Centre Singapore, 15 Science Centre Road, 609081",1.3331687,103.7356443,$45/programme participant,45,45
0026aeb8489a30548c3b9f0f07535b3519a,Science Centre Singapore Online Programmes,4.4,"{'openTime': '10:00', 'closeTime': '17:00'}","Science Centre Singapore, 15 Science Centre Road, 609081",1.3331687,103.7356443,,,
00221c7fcd7610b4332b9de29a6c5f59390,Young Scientist Badge at Science Centre Singapore,4.4,"{'openTime': '10:00', 'closeTime': '17:00'}","Science Centre Singapore, 15 Science Centre Road, 609081",1.3370666,103.7597153,Single Badge (Online): $6/student | Full Platform (Online): $35/student,6,35
0020d2222b0072544efbe6964fc1a5b49fa,KidsSTOPâ?4.2,"{'openTime': '10:00', 'closeTime': '17:00'}","Science Centre Singapore, 15 Science Centre Road, 609081",1.3331687,103.7356443,Little Footprints Fun Kit: $5 | Stay Home Learning Kit: $10 | Pepper's Lab: After School Series Kit: $20,,,
00287b01bd5237e40428459cecf02d1e118,Future Makers,4.4,"{'openTime': '10:00', 'closeTime': '17:00'}","Science Centre Singapore, 15 Science Centre Road, 609081",1.3331687,103.7356443,,,
002e3491a27c2a344b18f24c16dcf9a3ba6,Urban Mutations,4.5,"{'openTime': '10:00', 'closeTime': '17:00'}","Science Centre Singapore, 15 Science Centre Road, 609081",1.3456724,103.8824179,,,
0023e7728f912634709a18645e1d8756c91,Know Your Poo,4.4,"{'openTime': '10:00', 'closeTime': '17:00'}","Science Centre Singapore, 15 Science Centre Road, 609081",1.3331687,103.7356443,,,
0025afdca3afe3a4d1e9c7bd6953e2b83e5,Kayaking Expedition,4,"{'openTime': '08:00', 'closeTime': '18:00'}","X'treme Kayaking SAF Yacht Club Sembawang, 43 Admiralty Road West, 759962",1.3259765,103.8539823,50 to 120,120,50
00280910e9d151a4459890e96fc278b6410,Mobile Insectarium!,0,"{'openTime': '10:00', 'closeTime': '18:00'}","#---, -, Imbiah Road, 099702",0,0,$388 ,388,388
002f7ff7096635b4a698fead4a60518ad23,Gardens by the Bay,4.7,"{'openTime': '09:00', 'closeTime': '20:00'}","18 Marina Gardens Dr, Singapore, 018953",1.2824398,103.8599371,$35 ,35,35
0023229dc7846ac413386fecb3798df1eb0,Merlion Park,4.6,"{'openTime': '00:00', 'closeTime': '23:59'}","Fullerton Road, 049213",1.2866942,103.8543184,,,
002f4cb2c473a5643afadd5c0a3e62e5efa,Singapore Visitor Centre @ ION Orchard,4.3,"{'openTime': '10:30', 'closeTime': '22:00'}","ION Orchard, Orchard Turn, 238801",1.303414,103.832267,,,
0020d94d591e66b4e1aaaee1d03f86d97eb,Nestopia ,4.6,"{'openTime': '10:00', 'closeTime': '20:00'}","6 Siloso Beach Walk, 098995",1.256658,103.811595,$10 ,10,10
002f2a65d430c1246699e6cf5352181496a,River Safari,4.4,"{'openTime': '10:00', 'closeTime': '19:00'}","Mandai Lake Road, 729826",1.4029491,103.7917411,"Adult: S$36, Child: S$24 (3 - 12 years old),  Senior Citizen: S$17",36,17
002d3e586bdf32b4214836fc01511da7cad,Jurong Bird Park,4.5,"{'openTime': '08:30', 'closeTime': '18:00'}","Jurong Hill, 628925",1.3187065,103.7064417,"Adult: S$32, Child: S$21 (3 - 12 years old),  Senior Citizen: S$15",32,15
002928414182ef9498a9ed7c0ea1735bc41,Sungei Buloh Wetland Reserve,4.5,"{'openTime': '07:00', 'closeTime': '19:00'}","(Wetland Centre) 301 Neo Tiew Crescent, (Visitor Centre) 60 Kranji Way, 718925",1.4467195,103.7301489,,,
00244ad68d5de1b4d17a5eb57ed97c2bdd0,Bukit Timah Nature Reserve,4.5,"{'openTime': '07:00', 'closeTime': '19:00'}","End of Hindhede Drive, 589318",1.3483925,103.7774628,,,
0021aea9d4aad194d06bc684120fe3d9446,Singapore Discovery Centre,4.1,"{'openTime': '09:00', 'closeTime': '18:00'}","Upper Jurong Road, 638365",1.3326904,103.6789432,"Free admission for Singaporeans & Permanent Residents. Foreigners from S$10, Youth from S$7.50, Children from S$6",7,10
0020075f17cd5e149219ff8dd517fdd1906,SuperPark Singapore,4.3,"{'openTime': '09:00', 'closeTime': '21:00'}","#02-477, Suntec City Mall, #02-477 (North Wing), 3 Temasek Boulevard, 038983",1.2961766,103.8587041,,,
00288d41ff119364ea2b5936801dbc89420,Tiger Brewery Tour,4.3,"{'openTime': '13:00', 'closeTime': '18:30'}","Asia Pacific Breweries Singapore Pte Ltd, Jalan Ahmad Ibrahim, 639934",1.336174,103.647081,$18 to $22,22,18
002c337c4a79709437ba501f7df6a31b07c,Red Dot Design Museum,4.2,"{'openTime': '09:00', 'closeTime': '22:00'}","#01-01, Red Dot Design Museum, Marina Boulevard, 018940",1.28015,103.856312,10,10,10
002cebeb6b5e34f4b0cbc7cd352265067a6,Laser Tag Singapore By The Fun Empire,4.8,"{'openTime': '09:00', 'closeTime': '22:00'}","#03-01, Wing Fong Building, Guillemard Road, 399685",1.3087943,103.8772783,15,15,15
0021b4d1775e7d84dcca824feb2819b68a4,Virtual Role-Playing Murder Mystery: Virtual Nightfall By The Fun Empire ,4.8,"{'openTime': '00:00', 'closeTime': '23:59'}","#03-01, Wing Fong Building, Guillemard Road, 399685",1.3087943,103.8772783,20,20,20
00261e8d494ffa24dfd973b72fb2eaf04d9,VINTAGE CAMERA MUSEUM,4.5,"{'openTime': '11:00', 'closeTime': '19:30'}","JALAN KLEDEK, 199263",1.303486,103.858994,20/15,20,15
00200189ca2d5c54a918b9b0ae02ba18082,Cable Car Sky Dining,4.3,"{'openTime': '17:30', 'closeTime': '18:00'}","Singapore Cable Car, 109 Mount Faber Road, 099203",1.264395,103.818635,SGD149,149,149
0021084e1ff975a43448d079c7fbab939c7,The Intan Private Lunch/Dinner Visit,3.9,"{'openTime': '07:00', 'closeTime': '22:00'}","#69, 69 Joo Chiat Terrace, 427231",1.3146307,103.9009827,Starting @ $120 per person,120,120
0027fb69d0477d84911a43545d2b67a7dec,"Hologate Singapore, MultiplayeVR games, Virtual Reality",4.4,"{'openTime': '11:00', 'closeTime': '10:00'}","#04-01, Funan, North Bridge Rd, 179105",1.2911354,103.8501524,$15 - $38,38,15
002675a5a7170374dd08360ced922380d14,Wings of Time,4.6,[],"60 Siloso Beach Walk, 098997",1.250955,103.817479,tickets from $18.00 onwards,18,18
002bf152b29fbf147d39e5510ffb355607b,Singapore Cable Car,4.6,"{'openTime': '08:45', 'closeTime': '21:30'}","Faber Peak Singapore, 109 Mount Faber Road, 099203",1.271145,103.819522,tickets from $10.00,10,10
002cb490f92c5334262bc032705f9647d70,Singapore Zoo,4.6,"{'openTime': '08:30', 'closeTime': '18:00'}","Mandai Lake Road, 729826",1.4043485,103.793023,"Adult: S$39, Child: S$26 (3 - 12 years old),  Senior Citizen: S$18",39,18
0029bcc45e5c86744fda3e38ea584fc63cc,The Southern Ridges,4.6,"{'openTime': '00:00', 'closeTime': '23:59'}","(Bukit Merah, Henderson Road and Mount Faber Park), Southern Singapore, 099203",1.2801016,103.8029949,,,
002427423b2dc754b92959e8dd095dcdcd6,Rail Corridor,0,"{'openTime': '00:00', 'closeTime': '23:59'}",Tanjong Pagar Railway Station to Woodlands Train Checkpoint,1.3913445,103.7535668,,,
002826def82fe1f4807b87f59d61796908d,East Coast Park,4.5,"{'openTime': '00:00', 'closeTime': '23:59'}","Along East Coast Parkway and East Coast Park Service Road, 449876",1.301371,103.91292,,,
0024aaf3915995e473f8493a38ffe116772,Changi Beach Park,4.4,"{'openTime': '00:00', 'closeTime': '23:59'}","Along Nicoll Drive and Changi Coast Road, 498991",1.3909433,103.9920554,,,
0023e6d162bfc0842dfad98e7e5bca18fbc,Central Catchment Nature Reserve and MacRitchie Reservoir Park,4.5,"{'openTime': '07:00', 'closeTime': '19:00'}","Along Lornie Road, 298735",1.3417972,103.8332375,,,
0020b11ce84ff15414cad2206906e14c5ab,Coney Island Park,4.4,"{'openTime': '07:00', 'closeTime': '19:00'}","Punggol Promenade Nature Trail, 829325",1.4092951,103.9216496,,,
00247fbbf9f7c2a41c88194e3da461cbfd3,Henderson Waves,4.6,"{'openTime': '00:00', 'closeTime': '23:59'}","Henderson Road; Southern Ridges; Bukit Merah, 159557",1.2760208,103.8153941,,,
002267aa36fc6314ad49266abf08adef735,HortPark,4.4,"{'openTime': '06:00', 'closeTime': '23:00'}","Hyderabad Road, 119578",1.2787362,103.8018322,,,
002404027a5c89240478eb318fe1f240298,Chinatown Street Market,4.4,"{'openTime': '10:00', 'closeTime': '22:00'}","Pagoda, Sago, Smith & Trengganu, 050005",1.282729,103.8439427,,,
002f0325668bae9422eac37613da11800b6,Tayo Station,4.7,"{'openTime': '12:00', 'closeTime': '20:00'}","#03-112, E!Hub, 1 Pasir Close, 519599",1.377303,103.9543,,,
002c80e814a13914156b8434a9260686ac8,Trapped Escape Room Singapore - Remove Virtual Experience,4.7,"{'openTime': '11:00', 'closeTime': '21:00'}",237978,1.2835635,103.8431701,$22.90 to $25.90,25,22
002f1eb8d5a13324c56b25344b30465d861,Universal Studio Singapore,4.6,"{'openTime': '14:00', 'closeTime': '21:00'}","8 Sentosa Gateway, 098269",1.2540421,103.8238084,,,
00219a97d4f529f470683b1ea064fe4d065,Bullet Strike Singapore By The Fun Empire,4.8,"{'openTime': '09:00', 'closeTime': '22:00'}","#03-01, Wing Fong Building, Guillemard Road, 399685",1.3087943,103.8772783,15,15,15
002c93477422915440eb4f8b4b0657a2ccd,Bubble Soccer Singapore By The Fun Empire,4.8,"{'openTime': '09:00', 'closeTime': '22:00'}","#03-01, Wing Fong Building, Guillemard Road, 399685",1.3087943,103.8772783,15,15,15
002fd5b830af48a401ba4d8ffe7f61c4e57,Virtual Travel Experience: Icons Of Singapore By The Fun Empire,4.8,"{'openTime': '00:00', 'closeTime': '23:59'}","#03-01, Wing Fong Building, Guillemard Road, 399685",1.3087943,103.8772783,20,20,20
0027fa57e0d1d1d404595a76b4d58967393,"Kayak Orientation Program with X'treme Kayaking ""Take the challenge and come join the fun""",4.9,"{'openTime': '08:00', 'closeTime': '18:00'}","X'tremek Kayaking SAF Yacht Club Sembawang, 43 Admiralty Road West, 759962",1.4701033,103.8193858,$50 to $80,80,50
0025525fb84a8c442879726b1b6e9edd0af,The Macallan Experience at Raffles Hotel Singapore,4.3,"{'openTime': '11:00', 'closeTime': '21:30'}","#01-04-06, Raffles Arcade, Raffles Hotel Singapore, North Bridge Road, 188719",1.2955861,103.8540165,$28.00 ,28,28
002f1171f1c164e460494392d028d2ac21b,Explore Singapore's Southern Islands,4.6,"{'openTime': '09:00', 'closeTime': '19:00'}","North canal road, 059294",1.2540421,103.8238084,,,
002624e2fed334f4b269bfc0efb9b382efb,#Gogreen Segway Eco Adventure @ Sentosa,3.7,"{'openTime': '10:00', 'closeTime': '19:30'}","Gogreen Segway Eco Adventure, Siloso Beach Walk, 099001",1.253012,103.815837,$9.90 ,9,9
0025d99189499e141b8a81fff86cc1fa3b3,Trapped Escape Room Experience,4.7,"{'openTime': '11:00', 'closeTime': '22:00'}","#02-20, *SCAPE, Orchard Link, 237978",1.3010255,103.8357164,29.9,29.9,29.9
002160fa9d68f824b81825d0ba3610c9bb8,Virtual Room: Virtual Reality Escape Room Adventure,4.7,"{'openTime': '10:00', 'closeTime': '22:00'}","#B3-1-22, Lucky Chinatown, New Bridge Rd, 059432",1.2836225,103.8412484,44,44,44
002529e014efbb2441aac4f842bd5749ee5,Mega Adventure Park,4.4,"{'openTime': '13:00', 'closeTime': '19:00'}","10A Siloso Beach Walk, 099008",1.256131,103.8122639,Starts from $55,55,55
002f5051bfa31074cc8a34a49082d9001fa,Singapore Botanic Gardens,4.7,"{'openTime': '05:00', 'closeTime': '00:00'}","Cluny Road, 259569",1.3138397,103.8159136,"(National Orchid Garden) Adult S$5, Senior Citizen S$1; Free admission for children below 12 years",5,1
00247a2707af0134f6ab71e50c29285cedf,Singapore Flyer,4.6,"{'openTime': '14:00', 'closeTime': '22:00'}","Singapore Flyer, 30 Raffles Avenue, 039803",1.28953,103.863248,From $33 (Adult) and $21 (Child),33,21
002c2a8f4f579f64b22b6228c7fd2c84dba,ION Orchard: ION Sky,4.4,"{'openTime': '14:00', 'closeTime': '18:00'}","ION Orchard, Level 55/56, Orchard Turn, 238801",1.303414,103.832267,Redeemable with every $20 spend in a single receipt,20,20
00277bb0e3e90994a54802342958ae1f05f,Virtual Food Quest: Ninja Chef By The Fun Empire,4.8,"{'openTime': '00:00', 'closeTime': '23:59'}","#03-01, Wing Fong Building, Guillemard Road, 399685",1.3087943,103.8772783,20,20,20
002b539af4bb3ac40c9a9c8e251d3487a1d,Virtual Amazing Race by The Fun Empire,4.8,"{'openTime': '00:00', 'closeTime': '23:59'}","##03-01, Wing Fong Building, Guillemard Road, 399685",1.308794,103.877278,25,25,25
002b3e2af26693a479b88b585b868bffd43,Virtual Escape Room by The Fun Empire,4.8,"{'openTime': '00:00', 'closeTime': '23:59'}","##03-01, Wing Fong Building, Guillemard Road, 399685",1.308794,103.877278,20,20,20
0027c45fec8f4d243b3b1d5b42a14967ede,Kayaking at Lower Seletar Water Sports Centre,4.7,"{'openTime': '08:00', 'closeTime': '18:00'}","#01-01, Lower Seletar Water Sports Centre (Managed by Camelot Pte Ltd), Yishun Avenue 1, 769140",1.409964,103.831951,$12/pax,12,12
0027208a94cfcf44c0d8df0b1d15a52c0be,Kiztopia,4.4,"{'openTime': '10:00', 'closeTime': '22:00'}","#01-09, Marina Square, Raffles Boulevard, 039594",1.291168,103.856034,From $28,28,28
002416d3a29a8d74f569ab63418677c59d4,Challenge Cubes,4,"{'openTime': '10:30', 'closeTime': '18:00'}","Challenge Cubes, 2 Bukit Batok West Ave 7, 659003",1.3658187,103.7461602,$35 ,35,35
002a588b922f4694ca8a205e95fd0657cc6,Batik Painting Art Experience,5,"{'openTime': '10:00', 'closeTime': '18:00'}","#04-05/06, Wisma Geylang Serai, Engku Aman Turn, 408528",1.316526,103.896709,55,55,55
002f7d18d6f57364da080bd5f0e0c6f8002,WAKEMUSTERS - SCHOOL OF WAKESURF,5,"{'openTime': '08:00', 'closeTime': '19:00'}","#Pier5, Marina Country Club, 11 Northshore Drive, 828670",1.415467,103.899078,$180 to $190,190,180
0027ef6e811e1a44772be02c874ebe092f3,Singapore Traditional Coffee Hands-On Coffee Making Workshop,4.2,"{'openTime': '07:00', 'closeTime': '18:30'}","South Bridge Road, 058817",1.281767,103.844989,32,32,32
0024c95eb57fb4c4774be1d80a1b2ca270e,MINT Museum of Toys,3.8,"{'openTime': '09:30', 'closeTime': '18:30'}","MINT Museum of Toys, Seah Street, 188382",1.2963208,103.8546329,$20 ,20,20
002b041dfa0f2a344199baa7b74e25eaa7a,Trick Eye Museum Singapore,4.2,"{'openTime': '10:00', 'closeTime': '18:00'}","#01-43/44, Sentosa Gateway, 098138",1.2570106,103.8226599,$20-$25,25,20
0020b07352af8744aa68fd7cb50d8b7aa78,Magical Shores,4.4,"{'openTime': '19:30', 'closeTime': '22:30'}",Siloso Beach,1.255323,103.812593,Free,0,0
002f2e46960e8004011b6718afdbfdf788b,Kayak Introductory Programme ,4.9,"{'openTime': '08:00', 'closeTime': '18:00'}","#01-01, Lower Seletar Water Sports Centre (Managed by Camelot Pte Ltd), Yishun Avenue 1, 769140",1.410034,103.831926,$25 ,25,25
002cdbfb58ed1734e30bb98ab031c057f3f,Behind The Magic,4.1,"{'openTime': '11:00', 'closeTime': '19:00'}","Madame Tussauds Singapore, Imbiah Road, 099700",1.3009458,103.8411911,49.9,49.9,49.9
0023ac4fb414194482eb17df63c1f4b8dc2,Prawning Prawn Fishing Trip,3.5,"{'openTime': '00:00', 'closeTime': '23:59'}","#01-11, Punggol East, 828825",1.4121863,103.8298715,100,100,100
0029efe4303d2fa4c13a9860f2f5bc5a7fe,Traditional Baba Wedding,4.3,"{'openTime': '09:30', 'closeTime': '18:30'}","#113, Rumah Bebe Pte. Ltd., 113 East Coast Road, 428803",1.305884,103.90449,Customized costing,,
002d0f33d3af41f47c88229368b63171f5a,Forest Adventure - Tree Top Adventure Park,4.5,"{'openTime': '09:30', 'closeTime': '18:30'}","Bedok Reservoir Carpark A, 479244",1.339163,103.935007,Starts from $36,36,36
0022371cdfaf85d414389760a1ef53bab8a,The Majestic (Former Majestic Theater æ§å¤§åå¤§æé¢),0,[],"80 Eu Tong Sen Street,, 059810",1.28218,103.84415,,,
0022c7035be327a4013917b0d0dc7ebf537,Scentopia ,5,"{'openTime': '11:00', 'closeTime': '18:00'}","#01-01, Siloso Beach, Siloso Beach walk, 099007",1.254194,103.814711,,,
00271353fe5c3b64296adcec1778782a781,Perfume Workshop Singapore - Use our exclusive orchid notes to make your Signature scent,4.9,"{'openTime': '11:00', 'closeTime': '17:00'}","#01-57, Boodman Art Center, Goodman Road, 439053",1.3044,103.8853,125,125,125
00209f83ea355c4408db1ab3f8a52a7f3d1,#DUCKtours,4.5,"{'openTime': '09:00', 'closeTime': '18:30'}","#01-330, BIG BUS & DUCK Tourist Hub @ Suntec City Convention Centre, Temasek Boulevard, 038983",1.2941249,103.857024,"Adult $43, Child $33, Toddler $13",43,13
002b69fcca8ddea4600aaa8253224076ee3,Singapore Green Flora Coffee Cups Gift Set,3.9,"{'openTime': '07:00', 'closeTime': '18:30'}","South Bridge Road, 058817",1.281767,103.844989,,,
002028941cd26b24499a7ed9759938dccea,Singapore Musical Box Museum,4.6,"{'openTime': '10:00', 'closeTime': '18:00'}","168 Telok Ayer Street, 068619",1.2808235,103.8474961,"Adult S$12, Student & Senior Citizen S$6, Free admission  for children aged six and below",6,12
00226235a4f04a44e079b4801b80f359679,Singapore Food Makes Me Hungry,3.7,"{'openTime': '11:00', 'closeTime': '20:30'}","#03-29B, South Bridge Road, 058665",1.3040009,103.8327312,$25 per book,25,25
002aa62cd99b1c849ee9c1e9c90c93907e4,Singapore Visitor Centre @ Funan,4.3,"{'openTime': '10:00', 'closeTime': '22:00'}","#B2, Funan, 107 North Bridge Road, 179105",1.2911354,103.8501524,,,
002bd9bdfd895924db1b8e7f1cbd07fd431,VR WORLD SINGAPORE ,5,"{'openTime': '11:00', 'closeTime': '23:00'}","#8A, Sago Street, 059012",1.281671,103.844495,40,40,40
002d9a2b22e8e15438abda165082d0bbdb9,National Museum of Singapore,4.5,"{'openTime': '10:00', 'closeTime': '19:00'}","93 Stamford Road, 178897",1.2966147,103.8485095,$14 ,14,14
002ed4eb3a80add40b0839d928cb9395a68,iFly Singapore,4.3,"{'openTime': '09:00', 'closeTime': '21:30'}","43 Siloso Beach Walk, 099705",1.253388,103.818941,1 Skydive S$89; 2 Skydives S$119 (walk-in); 2 Skydives S$109 (2 day in advance online rate); 2 Skydives S$89 (2 day in advance online off-peak rate),89,109
002b6209bef8ccb4bd0bdedf0aab7acdafb,Waka Waka Singapore,4.2,"{'openTime': '10:00', 'closeTime': '19:00'}","#05-01, Havelock Road, 169634",1.287611,103.835878,$17.10 - $26.60,26,17
0028925fd74fdb94b2da0fdd01760e270d8,National Gallery Singapore,4.6,"{'openTime': '10:00', 'closeTime': '19:00'}","National Gallery Singapore, St Andrew's Road, 178957",1.2897165,103.8512701,From: 15,15,15
0022584face955543b194dbcb7c985d2de7,Leather Workshop Singapore By The Fun Empire,4.8,"{'openTime': '09:00', 'closeTime': '22:00'}","#03-01, Wing Fong Building, Guillemard Road, 399685",1.3087943,103.8772783,42,42,42
0027799ef3534e44cc4a512d9cc3c42c305,Art Jamming Singapore By The Fun Empire,4.9,"{'openTime': '09:00', 'closeTime': '22:00'}","#03-01, Wing Fong Building, Guillemard Road, 399685",1.308714,103.877315,19,19,19
0024df849e8635040489e98f028fb22ef46,Visit Singapore's Oldest Dragon Kiln and make your own unique pottery piece!,0,[],"Lorong Tawas, 639823",1.353321,103.692829,$35-$60,60,35
0027b017f52337143908d22f90391dae166,Poolball By The Fun Empire,4.8,"{'openTime': '09:00', 'closeTime': '22:00'}","#03-01, Wing Fong Building, Guillemard Road, 399685",1.3087943,103.8772783,15,15,15
0022f7025ea8f054a67b450e191f297f0e2,Ninja Tag By The Fun Empire,5,"{'openTime': '09:00', 'closeTime': '22:00'}","#03-01, Wing Fong Building, Guillemard Road, 399685",1.3087982,103.8772944,15,15,15
00299f1eb2ed88f42a3acb3e70689a84837,Clay Workshop By The Fun Empire,4.8,"{'openTime': '09:00', 'closeTime': '22:00'}","#03-01, Wing Fong Building, Guillemard Road, 399685",1.3087943,103.8772783,35,35,35
002ce4905a78ce6407c844112909e7d22b2,HydroDash,4.3,"{'openTime': '12:00', 'closeTime': '18:00'}","Palawan Beach Walk, 099344",1.248277,103.822537,5 - 8 years old: $10; 9+ years old: $18; Group of 4: $60,60,10
002565d07a1f26247b99daa9a3085e40ebe,Giant Whack-A-Mole By The Fun Empire,4.8,"{'openTime': '09:00', 'closeTime': '22:00'}","#03-01, Wing Fong Building, Guillemard Road, 399685",1.3087943,103.8772783,15,15,15
0024fcc32e0fe274af98d43f4021105420f,Candle Making Workshop By The Fun Empire,4.8,"{'openTime': '09:00', 'closeTime': '22:00'}","#03-01, Wing Fong Building, Guillemard Road, 399685",1.3087943,103.8772783,35,35,35
002b901ed77d0cb480f8415e942d4ea87e0,The Substation,4.4,[],"45 Armenian Street, 179936",1.2944188,103.8492827,,,
0029a4e6af5f8264f6a96321a1b59fff8c5,Giant Board Games By The Fun Empire,4.8,"{'openTime': '09:00', 'closeTime': '22:00'}","#03-01, Wing Fong Building, Guillemard Road, 399685",1.3087943,103.8772783,8,8,8
002d22415fe71734144bc12baa3bcc5a142,Nanyang Old Coffee,4.2,"{'openTime': '07:00', 'closeTime': '18:30'}","South Bridge Road, 058817",1.281767,103.844989,,,
0028e5ea3105a73406293203725101e711c,Land ZOVB,4.5,"{'openTime': '16:00', 'closeTime': '19:00'}",160116,1.32981,103.785112,$100/pair,100,100
00285f66bed874046a788c127673a464d3e,Malay Heritage Centre,4.3,[],"Sultan Gate, 198501",1.302874,103.859905,,,
00291dd695f73b547fca17becc0168192e5,Gelam  Gallery,4.7,[],"Muscat Street, 198833",1.302082,103.859,,,
002bd89ce84c2694e37a2fc4c7d007a327b,SG Bike | Bicycle Rental,5,"{'openTime': '00:00', 'closeTime': '23:59'}",415979,1.301181,103.912851,,,
0023fd72c7b6a5d43099d0cb920f5269e98,St John's & Kusu Island Hopping,4.5,"{'openTime': '08:00', 'closeTime': '15:00'}","#01-01, Marina South Pier, Marina Coastal Drive, 018988",1.2166667,103.85,$15 ,15,15
0027de742d92517428f976da44103c4df02,Al-Abrar Mosque ,4.6,[],"192 Telok Ayer Street, 068635",1.280295,103.847301,,,
00297b65824fbee4c069b1902350975fc6d,Malay Heritage Centre,4.3,"{'openTime': '08:00', 'closeTime': '21:00'}","Malay Heritage Centre, 85 Sultan Gate, 198501",1.302799,103.859928,,,
002e784dcaac5234144be4d29526e0b301b,Sultan Mosque,4.7,[],"3 Muscat Street, 198833",1.302285,103.858963,,,
002b403920a012e4952976ab237375af57d,Nagore Dargah Indian Muslim Heritage Centre,4.3,"{'openTime': '10:00', 'closeTime': '17:30'}","Nagore Dargah Indian Muslim Heritage Centre, Telok Ayer Street, 068604",1.281385,103.847924,,,
00296ae09c759e84bd39bb8d8089238300b,Sago Street ,0,"{'openTime': '00:00', 'closeTime': '23:59'}","Sago Street, 050002",1.28155,103.84445,,,
0029f950c7c60e04a64916f0e16584b05c2,Amazing Chambers  Singapura,4.5,"{'openTime': '13:00', 'closeTime': '20:00'}","Sultan gate building, Sultan Gate, 198497",1.302199,103.860041,$34.91 ,34,34
0024e03251b11c94bdba90174a6b1e90251,Sri Mariamman Temple,4.5,"{'openTime': '07:00', 'closeTime': '12:00'}","244 South Bridge Road, 058793",1.282686,103.845146,,,
002322cf9dec27e40d490c6e3de686d61d4,Tiong Bahru Air Raid Shelter,3.8,"{'openTime': '00:00', 'closeTime': '23:59'}","78 Guan Chuan Street, 160078",1.283429,103.830849,,,
002e9e0c7deeb274ef989487d795f6e5c12,ArtScience Museum,4.5,"{'openTime': '10:00', 'closeTime': '19:00'}","ArtScience Museum, 6 Bayfront Ave, 018974",1.2862738,103.8592663,,,
002ea9f0fe52b8c4dcb974200ab1d3037f2,Chinatown Heritage Centre,4.4,"{'openTime': '09:30', 'closeTime': '18:30'}","48 Pagoda Street, 059207",1.28346,103.844404,,,
0023f53a2ab1e7742f1adf59f3ccc1cd3e3,Jamae Mosque (Chulia) ,4.7,"{'openTime': '10:00', 'closeTime': '21:00'}","218 South Bridge Road, 058767",1.283226,103.845428,,,
002e510d3a2821c4626a3220899594e8f9c,Ying Fo Fui Kun åºåä¼é¦,3.2,[],"98 Telok Ayer Street,, 048474",1.28218,103.84415,,,
002a3d59d09f60f40d5a96dc351c6376ab9,Maxwell Chambers (Former Custom House),4.3,[],"32 Maxwell Road,, 069115",1.28218,103.84415,,,
0021cb3959307f347c9a9e1f5424c035130,Bake you own MERLION COOKIES,4.6,"{'openTime': '10:00', 'closeTime': '17:00'}","#02-11, Alexandra Central Mall, Alexandra Road, 159971",1.2867892,103.8545014,40,40,40
0020b152e847d8d40df96f7a1094fcde100,Food Playground,5,"{'openTime': '09:30', 'closeTime': '12:30'}","24A Sago Street, 059020",1.281885,103.844178,from $99 per person,99,99
0027d671f944c744aad8ccd7241a1c6cc2f,Esplanade - Theatres on the Bay,4.6,[],"1 Esplanade Drive, 038981",1.289793,103.855816,,,
002dbc9310a78f446ed9597c1a2d62c5a25,Amazing Chambers Singapura ,4.5,"{'openTime': '10:30', 'closeTime': '22:00'}","73 Sultan Gate, 198497",1.302185,103.860037,,,
00214eb70f0b7fd46468e2e733ad12f673d,Opera Gallery,4.5,"{'openTime': '11:00', 'closeTime': '20:00'}","#02-16, ION Orchard, 2 Orchard Turn, 238801",1.303993,103.83197,,,
002a84e4ebed9304786bb6b14f3d9f0728d,The Intan PRIVATE Tea Visit,3.9,"{'openTime': '07:00', 'closeTime': '22:00'}","#69, 69 Joo Chiat Terrace, 427231",1.3146307,103.9009827,300,300,300
0022be700229acf4ef4ad8106f51530b838,The Intan Tea Experience,3.9,"{'openTime': '07:00', 'closeTime': '22:00'}","#69, Joo Chiat Terrace, 427231",1.3146307,103.9009827,64.2,64.2,64.2
002f6d09de5a0da49dc862c9fdb40ea3a69,Detective Conan in Chinatown Mural,5,[],"Smith Street,, 058953",1.28218,103.84415,,,
00211123a8ae99c488091e5d6b84c3a3ff7,Zodiac Mural @ Coconut Club,4.3,[],"28 Ann Siang Road,, 069708",1.28218,103.84415,,,
002850a358775e244d6a56f1c8f92f0c876,Eu Yan Sang ä½ä»ç?4.0,[],"267 to 271 South Bridge Road,, 058816",1.28218,103.84415,,,,
002374bee9981a34a7faa7ef14a61886f01,Make your own Ondeh Ondeh,4.1,"{'openTime': '10:00', 'closeTime': '17:00'}","#02-11, https://littlecookhouse.com.sg/, Alexandra Road, 159971",1.3008556,103.8599303,40,40,40
00236f8eab6886347968964e4b2fa56e258,Murray Terrace,5,[],"2 to 28 Murray Street,, 079519",1.28218,103.84415,,,
0020782ec9ab63a4390bafe2f01bace374e,Chin Kang Huay Kuan ææ±ä¼é¦,4.8,[],"29 Bukit Pasoh Road,, 089843",1.28218,103.84415,,,
00287a9c49563b642939252074f01574d09,Easy Come Easy Go (Transportation),0,"{'openTime': '08:30', 'closeTime': '17:00'}","#03-03, Tan Chong Tower, Queen Street, 188537",0,0,,,
002c277aa85875a4a148c9efdacb9e93de7,ROYAL CARIBBEAN | QUANTUM OF THE SEAS,3.8,"{'openTime': '06:00', 'closeTime': '21:00'}","Marina Bay Cruise Center, 61 Marina Coastal Dr, 018947",1.270974,103.863461,$469 ,469,469
0027e1aa0e5ebfe4d6aa14d53a1c2270e3c,Genting Dream | World Dream,4.1,"{'openTime': '09:00', 'closeTime': '21:00'}","Marina Bay Cruise Center, 61 Marina Coastal Drive, 018947",1.270974,103.863461,$1020 and above,1020,1020
002f319523531534bf097f91f3df3f377ff,Lee Kong Chian Natural History Museum,4.5,"{'openTime': '10:00', 'closeTime': '18:00'}","Lee Kong Chian Natural History Museum, 2 Conservatory Drive, 177377",1.3014053,103.773645,STANDARD: $13 / $21 inclusive of booking fee | LOCAL: $9 / $16,9,13
002ee757f61372c45fa93d47c9239775ce2,Southern Island Private Yacht Getaway ,4.3,"{'openTime': '08:00', 'closeTime': '23:00'}","One15 Marina Club, Cove Drive, Sentosa Cove, 098497",1.2445736,103.841452,,,
002a9248692e66344c5a6b5a1c09110f02a,Indian Heritage Centre,4.5,"{'openTime': '10:00', 'closeTime': '16:00'}","5 Campbell Lane, 209924",1.3056816,103.8522606,,,
002972a26d927de4c1d826ce91a5c6655b4,Palawan Beach,0,"{'openTime': '08:00', 'closeTime': '19:00'}","Palawan Beach Walk, 098520",1.2480307,103.8179528,,,
002f1256786d6194111bdfe1bb6f7117ba7,Peranakan Tiles Gallery,4.3,"{'openTime': '12:00', 'closeTime': '17:00'}","Telok Ayer Street, 068619",1.280736,103.847519,,,
00280d081db2e5441e781f24ac9d53bb829,Bullet Ball By The Fun Empire,4.8,"{'openTime': '09:00', 'closeTime': '22:00'}","#03-01, Wing Fong Building, Guillemard Road, 399685",1.3087943,103.8772783,10,10,10
002615c856e973943289c744ffa3cf23c40,Saber Tag By The Fun Empire,4.8,"{'openTime': '09:00', 'closeTime': '22:00'}","#03-01, Wing Fong Building, Guillemard Road, 399685",1.2858901,103.8339891,15,15,15
00265f0e4a8d364433f8ad7ae9aa396c8f7,Terrarium Workshop By The Fun Empire,4.8,"{'openTime': '09:00', 'closeTime': '22:00'}","#03-01, Wing Fong Building, Guillemard Road, 399685",1.3087943,103.8772783,28,28,28
002451bfcde6fd0452f8f31218899565d03,Experience the Traditional Outfit of Peranakan,4.6,"{'openTime': '09:00', 'closeTime': '06:00'}","Arab Street, 199782",1.3167871,103.8417713,,,
0024fc7d6aa6afc4ae4922f4cd9afa1dcd1,Siloso Beach,4.4,"{'openTime': '08:00', 'closeTime': '19:00'}","Siloso Beach Walk, 099000",1.2526009,103.8147371,,,
002209eeb0185804c58a08c50119cf2b261,Mohamed Ali Lane Murals: Paper Mask & Puppet Seller and Mamak Store,5,"{'openTime': '00:00', 'closeTime': '23:59'}","South Bridge Road, 058776",1.282738,103.845836,,,
00257019c5620564facb611c2ce3093682d,Combat Archery Tag By The Fun Empire,4.8,"{'openTime': '09:00', 'closeTime': '22:00'}","#03-01, Wing Fong Building, Guillemard Road, 399685",1.3087943,103.8772783,15,15,15
0027f31b3d016d84b0fa30492322065439a,Virtual Clay Workshop By The Fun Empire,4.8,"{'openTime': '00:00', 'closeTime': '23:59'}","#03-01, Wing Fong Building, Guillemard Road, 399685",1.3087943,103.8772783,25,25,25
002be9d6b30e8b449adb31a4b5c247b4ccd,Virtual Party Mania By The Fun Empire,4.8,"{'openTime': '00:00', 'closeTime': '23:59'}","#03-01, Wing Fong Building, Guillemard Road, 399685",1.3087943,103.8772783,20,20,20
002757a7d34c31443da89180a79b723b6c1,A magical experience at The Intan,3.9,"{'openTime': '07:00', 'closeTime': '22:00'}","#69, 69 Joo Chiat Terrace, 427231",1.3146307,103.9009827,85,85,85
002023b2ccd3eba4cc288ed6cb6cc68c144,Virtual Art Jamming By The Fun Empire,4.8,"{'openTime': '00:00', 'closeTime': '23:59'}","#03-01, Wing Fong Building, Guillemard Road, 399685",1.3087943,103.8772783,35,35,35
00261ebf4940bd0418ca441abe1eb072bb1,Virtual Terrarium By The Fun Empire,4.8,"{'openTime': '00:00', 'closeTime': '23:59'}","#03-01, Wing Fong Building, Guillemard Road, 399685",1.3087982,103.8772944,35,35,35
0022329c8b6d64c4c669eeb192610296227,Virtual Escape Room: Virtual Time Travel By The Fun Empire,4.8,"{'openTime': '00:00', 'closeTime': '23:59'}","#03-01, Wing Fong Building, Guillemard Road, 399685",1.3087943,103.8772783,20,20,20
00264d5a8c6e9e8467f9afa11b9a671c8c0,STPI â?Creative Gallery & Workshop,4.3,"{'openTime': '10:00', 'closeTime': '19:00'}","Robertson Quay, 238236",1.290958,103.840218,,,
00292b035306f3b4ed9807b183f6d868b4e,Kong Chow Wui Koon åå·ä¼é¦,4.7,[],"321 New Bridge Road,, 088758",1.28218,103.84415,,,
002633766d90b174a268d3b504ab79d58be,Poon Yue Association çªç¦ºä¼é¦,0,[],"281 New Bridge Road,, 088753",1.28218,103.84415,,,
0029b303cd9d721403f8c4b59f7e341d0a1,Nutmeg Mural by Ripple Root,0,[],"21 Tanjong Pagar Road,, 088444",1.28218,103.84415,,,
002183330d4a06f466e9f88387c32512494,Barber Chair 3D Floor Sticker,0,[],"Sago Street,, 059014",1.28218,103.84415,,,
002808faa73048e43d29b5fd7c5c356f9c8,Mud Rock Ceramics,4.9,[],"85 Maude Rd, 208357",1.308494,103.857877,,,
002143b4ea912ad42babae1849cb07f4010,Wall Murals,4.1,[],"Beach Road, 189753",1.301621,103.858871,,,
00207855156fe75491ebff0e8378514c22f,Teater Ekamatra,5,[],"#02-10, Aliwal Arts Centre, 28 Aliwal Street, 199918",1.3027,103.861054,,,
002c2f0e8601bb847f990c112169aaf203c,The Orient Express,4.1,"{'openTime': '10:00', 'closeTime': '21:00'}",18953,1.2834488,103.8620075,,,
002e6be53e51e154739a67880d670fb8d1f,Buddha Tooth Relic Temple,4.6,"{'openTime': '07:00', 'closeTime': '19:00'}","288 South Bridge Road, 058840",1.281336,103.844521,,,
002926b39e8c7bf4d03a4476f0279553ef9,Haw Par Villa,4.1,[],"262 Pasir Panjang Road, 118628",1.2843,103.7825,,,
0020f36fd8c259d41da861ff40c919ecdfa,Spectra - A Light & Water Show @ Marina Bay Sands,4.7,[],"Event Plaza, 2 Bayfront Ave, 018972",1.2819667,103.8598454,,,
00207dbdc6df8344a28aacb3f50f35a405a,Siong Leng Musical Association,5,"{'openTime': '10:00', 'closeTime': '17:30'}","Bukit Pasoh Road, 089818",1.278764,103.841015,Varies,,
002976a4d4b18474085900535571e258e4e,Vintage Camera's Museum,4.5,[],"Jalan Kledek, 199264",1.303502,103.858994,,,
002afb8801b8dc3496fafa0cfd8c047fc44,Live Turtle & Tortoise Museum,4.1,"{'openTime': '10:00', 'closeTime': '18:00'}","#01-16, ORTO, 81 Lorong Chencharu, 769198",1.413881,103.829277,"Adult S$14, Child aged three to six & Senior Citizen aged 62 and above S$10; Singapore Citizens enjoy S$4 off each ticket",4,10
002735afacf72574d858b6b4217bdb03008,The Grande Whisky Collection,3.9,"{'openTime': '11:00', 'closeTime': '19:00'}","#05-01, ION, Orchard Turn, 238801",1.303993,103.83197,From $49,49,49
002ab742547c88442dca6440425148bb744,Red Dynasty Paintball Park,4.6,"{'openTime': '09:00', 'closeTime': '19:00'}","Red Dynasty Paintball Park, Turf Club Road, 288001",1.342062,103.792437,,,
002bfe1455ae2ae455b8c23987df491b18a,Katapult Trampoline Park ,4.3,"{'openTime': '10:00', 'closeTime': '21:00'}","#01-11, Katapult Trampoline Park, Lor Chencharu, 769198",1.4122932,103.8290909,,,
002d8c3fc8931a54568b64ce734946a4c62,Butterfly Park Guided Tour Adventure!,0,"{'openTime': '10:00', 'closeTime': '18:00'}","Imbiah Road, 099702",0,0,,,
0024b8b4e9bf2184e168ff935ff6ca744b7,Pearlâs Hill City Park,4.1,[],"Chin Swee Road, 169879",1.285723,103.838384,,,
0029450bfdabdfc45e4a484fa7f3706474b,Jewel Changi Airport Canopy Park Topiary Walk,4.6,"{'openTime': '10:00', 'closeTime': '22:00'}","#B3-300, Jewel Changi Airport, Airport Boulevard, 819666",1.360261,103.9892345,SGD5.00,5,5
0024c1613c81956401aa26c20ebc3dc7cf6,S.E.A. Aquarium (Resorts World Sentosa) ,4.6,"{'openTime': '10:00', 'closeTime': '17:00'}","S.E.A. Aquarium, Sentosa Gateway, 098269",1.258313,103.820469,"SGD40 (Adult), SGD29 (Child/Senior)",40,29
00208d39fc583cd441283b188a985989f90,Gardens by the Bay,4.7,"{'openTime': '05:00', 'closeTime': '02:00'}","18 Marina Gardens Drive, 018953",1.281568,103.863613,,,
0024ba12b2e01c249f287d4160264114b61,Southern Islands,0,"{'openTime': '07:00', 'closeTime': '19:00'}","Saint Johnâs Island, Kusu Island and Sistersâ?Island",1.253656,103.825704,,,
002db30d91717ff4da4ada6168ed18b6fe2,Angullia Mosque ,4.6,"{'openTime': '10:00', 'closeTime': '22:00'}","265 Serangoon Road, 218099",1.310648,103.854144,,,
0026cb506489655439aae531d5441606c5f,HSBC Rain Vortex,4.9,"{'openTime': '08:00', 'closeTime': '00:30'}",819666,1.3599558,103.9897464,,,
002a60461b9262c4fa8b92a93168defac2b,Shake Shack (Former Eng Aun Tong æ§æ°¸å®å ),4.2,[],"89 Neil Road,, 088849",1.28218,103.84415,,,
002e383439a7a664f27bf49f9dc4e43482a,Ee Hoe Hean Club æ¡åè½©ä¿±ä¹é¨,4.3,[],"43 Bukit Pasoh Road,, 089856",1.28218,103.84415,,,
002dfc0a1e448224befb28124ba81f6afcf,Adventure- Climbing to the Top of Sentosa !,4.4,"{'openTime': '09:00', 'closeTime': '18:30'}","FOCUS Adventure, 1 Gunner Lane, Sentosa, 099562",1.2559413,103.8122967,50,50,50
00202cfb7365d824ae6977883f965857935,S.E.A. Aquarium,4.6,"{'openTime': '10:00', 'closeTime': '19:00'}","Resorts World Sentosa, 8 Sentosa Gateway, 098269",1.258245,103.820428,,,
002c6fc48297a4d4de1993dba7d204d42e1,Local Photographer & Videogapher (50% OFF SHOOTS),0,"{'openTime': '00:00', 'closeTime': '23:59'}",338719,0,0,,,
00297f540c79d534e0397774ef460dca896,Laser Clay Shooting,5,"{'openTime': '16:00', 'closeTime': '18:00'}","#01-1655, Jalan Bukit Merah, 160116",1.33011,103.784425,$138 / pair,138,138
002e12e3b50b73e4d9b83839471338e283c,Free Performances @ Esplanade,4.6,[],"Esplanade Outdoor Theatre / Esplanade Concourse, 1 Esplanade Dr, 038981",1.288949,103.856044,,,
002dc7f730c4656471b9b2c98ac7e0f6c6a,Fairfield Methodist Church (Former Jing Hwa Cinema æ§éåæé?,4.1,[],"1 Tanjong Pagar Road,, 088437",1.28218,103.84415,,,
00272a9d446f9e84e23b922e227b9b0cfa4,Jamiyah Ar-Rabitah Mosque,4.7,"{'openTime': '09:00', 'closeTime': '18:00'}","601 Tiong Bahru Rd, 158787",1.288379,103.820129,,,
002efc469d9f20547d580d1da146d25612b,Telok Ayer Chinese Methodist Church,4.7,[],"235 Telok Ayer Street,, 068656",1.28218,103.84415,,,
00220fee182f7e44865bfa171afb05b0340,Skyline Luge Sentosa,4.6,"{'openTime': '10:00', 'closeTime': '21:30'}","Siloso Beach Walk, 099003",1.251937,103.8169385,"2 Luge + Skyride Combo ($23), 4 Luge + Skyride Combo ($28), 6 Luge + Skyride Combo ($39)",39,23
0028701d900cf034e768840f699b4cc5770,Aeroviation: Flight Experience for Families,5,[],"#01-05, Oxley Bizhub, Ubi Road 1, 408728",1.3321161,103.8901985,120,120,120
00298d5e0df72f44c12ab4c32d9b7a5da1f,Waka Waka,4.2,"{'openTime': '10:00', 'closeTime': '20:00'}","#05-01, Annex@Furama, 407 Havelock Rd, 169634",1.287815,103.8356618,$25 ,25,25
0027885cb7614f7413b8d16e027faafa9f2,Tanjong Beach,4.5,"{'openTime': '08:00', 'closeTime': '19:00'}","Tanjong Beach Walk, 098942",1.2436414,103.827038,,,
002d27069b4c35545178367f2fcded3b052,XIMULA YATCH SAIL,5,"{'openTime': '09:00', 'closeTime': '18:00'}","#01-01, One Degree Marina, 15 Marina Club, 098497",1.24562,103.839837,SGD1050,1050,1050
00262b37ee36e4a4b2f901e4d28f8b0a689,"Lagoon Sailing Catamaran , Affordable Luxury Charter (YACHT)",4.9,"{'openTime': '09:00', 'closeTime': '18:00'}","#01-01, 11 Cove Drive, #01-01, Sentosa Cove, Singapore 098497, 15 Marina Club, 098497",1.245557,103.839888,579,579,579
002c5963d367c624a0d8292e0675a6ef2c2,Deepavali Festival Village ,0,"{'openTime': '10:00', 'closeTime': '22:00'}","Campbell Lane, 217963",1.305983,103.851619,,,
002dd55b28284124f4a803143cd452950e0,Climbing Exploration ,4.4,"{'openTime': '09:00', 'closeTime': '21:00'}","#02-81, Our Tampines Hub, 1 Tampines Walk, 528523",1.353844,103.940315,28,28,28
00214f2fa7aaa314279b6c4fec9affc977d,MegaZip,4.4,"{'openTime': '13:00', 'closeTime': '19:00'}","Mega Adventure Park, Siloso Beach Walk,, 099008",1.2559413,103.8122967,55,55,55
0021cffb8fdaf3a42149689865d2d745ebc,Hajjah Fatimah Mosque ,4.7,[],"4001 Beach Road, 199584",1.302924,103.862858,,,
00299628fca1560440cbe2e38f6704a21e3,Jinrikisha Station äººåè½¦ç«,4.2,[],"1 Neil Road,, 088804",1.28218,103.84415,,,
002b3b57d938da9420fa8beb8449ebdbefa,Temenggong Daeng Ibrahim Mosque ,4.8,"{'openTime': '04:45', 'closeTime': '22:00'}","30 Telok Blangah Road, 098827",1.266352,103.824297,,,
